id_vendedor,nombre,telefono,correo,id_concesionario
1,Vendedor_1,3786579303,vendedor_1@concesionarioKONRUEDAS.com,10
2,Vendedor_2,3219540831,vendedor_2@concesionarioKONRUEDAS.com,11
3,Vendedor_3,3126855092,vendedor_3@concesionarioKONRUEDAS.com,7
4,Vendedor_4,3896233790,vendedor_4@concesionarioKONRUEDAS.com,8
5,Vendedor_5,3395310485,vendedor_5@concesionarioKONRUEDAS.com,7
6,Vendedor_6,3362950628,vendedor_6@concesionarioKONRUEDAS.com,5
7,Vendedor_7,3339670711,vendedor_7@concesionarioKONRUEDAS.com,2
8,Vendedor_8,3249827706,vendedor_8@concesionarioKONRUEDAS.com,11
9,Vendedor_9,3890779946,vendedor_9@concesionarioKONRUEDAS.com,2
10,Vendedor_10,3210053353,vendedor_10@concesionarioKONRUEDAS.com,4
11,Vendedor_11,3826600539,vendedor_11@concesionarioKONRUEDAS.com,9
12,Vendedor_12,3895285932,vendedor_12@concesionarioKONRUEDAS.com,7
13,Vendedor_13,3685582861,vendedor_13@concesionarioKONRUEDAS.com,11
14,Vendedor_14,3193349856,vendedor_14@concesionarioKONRUEDAS.com,3
15,Vendedor_15,3734036506,vendedor_15@concesionarioKONRUEDAS.com,6
16,Vendedor_16,3553035110,vendedor_16@concesionarioKONRUEDAS.com,11
17,Vendedor_17,3134126396,vendedor_17@concesionarioKONRUEDAS.com,6
18,Vendedor_18,3131994523,vendedor_18@concesionarioKONRUEDAS.com,11
19,Vendedor_19,3200604502,vendedor_19@concesionarioKONRUEDAS.com,12
20,Vendedor_20,3334760738,vendedor_20@concesionarioKONRUEDAS.com,6
21,Vendedor_21,3349817734,vendedor_21@concesionarioKONRUEDAS.com,11
22,Vendedor_22,3642621108,vendedor_22@concesionarioKONRUEDAS.com,9
23,Vendedor_23,3746412689,vendedor_23@concesionarioKONRUEDAS.com,10
24,Vendedor_24,3128492780,vendedor_24@concesionarioKONRUEDAS.com,1
25,Vendedor_25,3702632297,vendedor_25@concesionarioKONRUEDAS.com,6
26,Vendedor_26,3313500298,vendedor_26@concesionarioKONRUEDAS.com,3
27,Vendedor_27,3868820204,vendedor_27@concesionarioKONRUEDAS.com,5
28,Vendedor_28,3797808098,vendedor_28@concesionarioKONRUEDAS.com,10
29,Vendedor_29,3853041955,vendedor_29@concesionarioKONRUEDAS.com,3
30,Vendedor_30,3685126461,vendedor_30@concesionarioKONRUEDAS.com,11
31,Vendedor_31,3550455977,vendedor_31@concesionarioKONRUEDAS.com,11
32,Vendedor_32,3336696312,vendedor_32@concesionarioKONRUEDAS.com,8
33,Vendedor_33,3582334538,vendedor_33@concesionarioKONRUEDAS.com,2
34,Vendedor_34,3732719211,vendedor_34@concesionarioKONRUEDAS.com,1
35,Vendedor_35,3398704996,vendedor_35@concesionarioKONRUEDAS.com,12
36,Vendedor_36,3969119330,vendedor_36@concesionarioKONRUEDAS.com,1
37,Vendedor_37,3106977991,vendedor_37@concesionarioKONRUEDAS.com,3
38,Vendedor_38,3914763202,vendedor_38@concesionarioKONRUEDAS.com,8
39,Vendedor_39,3965241839,vendedor_39@concesionarioKONRUEDAS.com,9
40,Vendedor_40,3271432881,vendedor_40@concesionarioKONRUEDAS.com,2
41,Vendedor_41,3849621470,vendedor_41@concesionarioKONRUEDAS.com,8
42,Vendedor_42,3553778756,vendedor_42@concesionarioKONRUEDAS.com,12
43,Vendedor_43,3465341213,vendedor_43@concesionarioKONRUEDAS.com,5
44,Vendedor_44,3398362082,vendedor_44@concesionarioKONRUEDAS.com,4
45,Vendedor_45,3266944844,vendedor_45@concesionarioKONRUEDAS.com,1
46,Vendedor_46,3331191390,vendedor_46@concesionarioKONRUEDAS.com,2
47,Vendedor_47,3919795579,vendedor_47@concesionarioKONRUEDAS.com,6
48,Vendedor_48,3461415646,vendedor_48@concesionarioKONRUEDAS.com,11
49,Vendedor_49,3209747451,vendedor_49@concesionarioKONRUEDAS.com,2
50,Vendedor_50,3199585092,vendedor_50@concesionarioKONRUEDAS.com,5
